code,industry,year,yearly_open_cum,yearly_high_cum,code_name,volume,turn,isST,peTTM,pbMRQ
sh.603072,C39计算机、通信和其他电子设备制造业,2025,1.4778925762458692,11.763328551485003,天和磁材,14392508.09883721,22.15484534883721,0,88.20530033720931,7.588901488372093
sh.603124,C39计算机、通信和其他电子设备制造业,2025,5.05968306183797,10.788334256405868,江南新材,5797247.201612903,20.243547580645163,0,44.00614951612903,4.814919548387097
sh.603257,M74专业技术服务业,2025,1.4831590272483277,9.233819373159504,中国瑞林,5156368.276785715,21.132516964285713,0,41.37750252678571,3.3385865000000003
sh.688758,C26化学原料和化学制品制造业,2025,5.444616619330087,8.902887571652215,赛分科技,4070231.640718563,10.113655089820359,0,83.669169748503,6.033300616766467
sz.301535,C36汽车制造业,2025,4.776140242961585,8.549136879439462,浙江华远,12239292.56302521,20.432530252100843,0,72.74838089915967,7.981811974789917
sz.301602,C35专用设备制造业,2025,3.196954844606432,8.182879317969864,超研股份,7278883.786163522,13.10682704402516,0,77.21827436477987,10.558220830188679
sz.300204,C27医药制造业,2025,-0.9894918622780089,8.176438135202492,舒泰神,11746832.891344383,2.507713198281154,0,-23.129099181818184,4.537651942260442
sh.688411,C38电气机械和器材制造业,2025,2.4113281166362777,8.118728341208211,海博思创,2915675.2435897435,8.065535256410257,0,24.891783076923076,4.372217314102564
sh.688068,C27医药制造业,2025,-0.839449782471172,7.910815779653177,热景生物,2398228.527988943,5.6022391845196955,0,10.94412459197787,3.468560614799447
sz.300153,C38电气机械和器材制造业,2025,-0.19876935079029284,7.882487228074857,科泰电源,14383968.4315531,4.525326481276857,0,44.87836796375922,3.8108367966830468
sz.301357,C41其他制造业,2025,-1.4385020706873055,7.813122099549337,北方长龙,4169865.410034602,19.799470761245676,0,-339.5568428415673,4.417014090289609
sh.688519,C39计算机、通信和其他电子设备制造业,2025,0.05902025213082397,7.755931016448005,南亚新材,2380152.3379254458,2.363294651539708,0,27.375472506893757,3.026288621248986
sz.301396,I65软件和信息技术服务业,2025,-0.13704191563404794,7.728494914516685,宏景科技,5912034.56998557,13.62606911976912,0,82.13319863439305,4.504467658959538
sz.300436,C27医药制造业,2025,-0.3561373190921353,7.692334743427392,广生堂,4275437.361571516,3.2977424174340086,0,110.32785567690418,8.999227972972973
sh.688205,C39计算机、通信和其他电子设备制造业,2025,-0.2091767196208324,7.612315743531662,德科立,3460780.242384106,6.503649668874172,0,67.6812499801061,3.3620974270557027
sh.688313,C39计算机、通信和其他电子设备制造业,2025,-0.006993235475193134,7.575948417649284,仕佳光子,13425617.172497965,4.561252807160293,0,132.50347528617624,6.753837679870655
sz.001221,C33金属制品业,2025,1.5674442102331672,7.532452841604324,悍高集团,8971052.314285714,25.686877142857142,0,36.51083571428571,11.002593342857145
sz.300718,C34通用设备制造业,2025,-1.0436873657468586,7.488978253845071,长盛轴承,6745261.114794352,5.218207910374463,0,38.07073411363636,4.656515540540541
sz.301550,C36汽车制造业,2025,-0.5686335676432434,7.470855195459323,斯菱股份,5123525.981443299,12.518918762886598,0,46.572174884297524,5.041918128099174
sh.603716,F51批发业,2025,-0.4690156290572866,7.371653036504567,塞力医疗,10214077.03437692,5.386561329036218,0,12.970021141277641,2.053592676904177
sz.301389,C39计算机、通信和其他电子设备制造业,2025,0.0713807749589895,7.368629090524566,隆扬电子,7706648.841880342,9.769195299145299,0,54.23717965335236,3.1787849529243934
sz.301225,C36汽车制造业,2025,-0.4346668161759956,7.3335111863572635,恒勃股份,2902725.4817518247,10.838055474452554,0,34.17420451553931,3.236055950639854
sz.300548,C39计算机、通信和其他电子设备制造业,2025,-0.18568461933604738,7.320873544835321,长芯博创,10120953.620307691,5.4174392455384615,0,76.0575643458231,6.297946805896806
sz.300476,C39计算机、通信和其他电子设备制造业,2025,0.24785144940347825,7.26550505762353,胜宏科技,24434313.310006138,2.934967464702271,0,32.782954514742016,4.444319795454546
sz.300344,I65软件和信息技术服务业,2025,-0.9403732361638248,7.244871976978019,ST立方,23017806.905405406,4.6855294999999995,1,-146.72411301412777,8.460092003071253
sz.300723,C27医药制造业,2025,-0.4304332941146181,7.222954008970181,一品红,3812756.5813382445,2.3085747421731124,0,31.945737673218673,5.412891071253072
sz.300753,C35专用设备制造业,2025,-0.25023876207188717,7.208303889917354,爱朋医疗,4296415.847759361,7.186489658072437,0,21.48464310012285,3.924973962530713
sz.301458,C39计算机、通信和其他电子设备制造业,2025,2.497516525021009,7.206541404186005,钧崴电子,9006980.029940119,14.532293413173653,0,78.68468616167665,7.439104766467066
sh.688062,C27医药制造业,2025,0.23871337555802574,7.1803996581277385,迈威生物,5259306.393700788,3.153822272215973,0,-9.543923364864865,4.404437443693694
sz.300530,C38电气机械和器材制造业,2025,-1.2816867048619467,7.179511165013821,领湃科技,2629905.4398034397,2.101481961038961,1,-158.74619115110565,22.04091801842752
sh.688159,C39计算机、通信和其他电子设备制造业,2025,-0.03293458694861819,7.177341279351033,有方科技,2497267.517518248,4.339703138686131,0,50.89929750474799,4.036613893352812
sz.300766,I64互联网和相关服务,2025,-0.11495266952715566,7.163573968273218,每日互动,17234606.944796953,6.003252829314721,0,152.18603510349206,5.514270408253969
sh.688331,C27医药制造业,2025,-0.384772647568221,7.1432159919100755,荣昌生物,3519845.2695961995,3.0217526128266035,0,20.032270399524375,8.634032436385256
sz.300963,C32有色金属冶炼和压延加工业,2025,-0.7712228003788744,7.129975884605933,中洲特材,8395963.445783133,7.0052229842446705,0,49.16982811038961,3.9302738933209644
sh.688220,C39计算机、通信和其他电子设备制造业,2025,-0.011856606458752209,7.118836081843911,翱捷科技,3948501.8698092033,1.9847490460157127,0,-61.236393341573034,5.776210615730337
sh.688382,C27医药制造业,2025,-0.32125033276259113,7.1062073572149895,益方生物,7586390.283289817,3.0847403394255872,0,-31.49990419477124,5.75617802745098
sz.301392,C34通用设备制造业,2025,-0.5993830896367895,7.095318246662989,汇成真空,3778463.4476190475,15.702663492063492,0,118.63262745714287,12.70967606984127
sh.603119,C30非金属矿物制品业,2025,-0.2740750360400029,7.077230948358011,浙江荣泰,9467438.907335907,6.925700772200772,0,49.69554652224371,6.5823003675048355
sz.300953,C33金属制品业,2025,-0.1088774961062052,7.053853294960144,震裕科技,2408055.8144424134,5.097075045703839,0,87.14171305032022,5.006253970722781
sz.300591,C19皮革、毛皮、羽毛及其制品和制鞋业,2025,-0.06856196074959411,7.013870570733744,万里马,15380848.108655617,5.955761262124002,0,1031.9653644551597,4.766479114250614
sz.301413,C39计算机、通信和其他电子设备制造业,2025,-0.6013727682307597,7.0137101791966625,安培龙,3180021.1929411762,10.43123505882353,0,74.54564073647059,5.908420529411765
sz.300703,C24文教、工美、体育和娱乐用品制造业,2025,-0.13827470383304152,7.012676862076827,创源股份,6750543.115076923,4.578789428307692,0,37.950808891891896,2.8194476977886977
sz.300368,I65软件和信息技术服务业,2025,-0.5557446940449439,6.997134532416796,汇金股份,23380043.02642901,4.613809226740604,1,50.35447739250614,8.138365770884521
sz.300918,C17纺织业,2025,-0.011448288862684786,6.980155656146257,南山智尚,9015226.031304348,5.426582347826087,0,28.627320277632723,2.396688246301131
sh.688583,C40仪器仪表制造业,2025,1.8349392698487623,6.974241601339353,思看科技,1560622.268292683,10.983990243902438,0,62.23925282926829,9.143613054878049
sz.301196,C29橡胶和塑料制品业,2025,-0.241807759783658,6.954505011090742,唯科科技,1682828.7080536913,3.233579530201342,0,26.481849323628218,1.9122982183650616
sz.301210,C38电气机械和器材制造业,2025,-0.07223610005682812,6.945821872458045,金杨股份,2426256.95,9.139616666666667,0,59.636616356215214,2.2405096920222634
sz.300328,C33金属制品业,2025,0.20262109421476168,6.944931993344525,宜安科技,23165921.58563536,3.6536163787599754,0,760.5346043636364,4.763160366093366
sz.301601,M74专业技术服务业,2025,2.92800207393397,6.928771431541768,惠通科技,4842668.798780488,16.032046951219513,0,50.72884700609755,4.46671318292683
sz.301076,C26化学原料和化学制品制造业,2025,-0.7820812562891999,6.923830405531441,新瀚新材,5266787.837330553,8.186582273201251,0,43.89105344572025,3.1008772348643006
sz.001356,C29橡胶和塑料制品业,2025,2.8149088069580768,6.908946855230836,富岭股份,17568969.06329114,14.421024683544305,0,43.30671632278481,5.34541935443038
sh.688183,C39计算机、通信和其他电子设备制造业,2025,0.027497628637925237,6.906216475497231,生益电子,7701208.19386835,2.383683678990081,0,268.63143420397114,3.8942294287003607
sz.300652,C36汽车制造业,2025,-0.02257159456064263,6.876693307726306,雷迪克,2201606.394106814,2.667362230816452,0,27.473312905405404,2.3913957917690416
sz.301662,C35专用设备制造业,2025,0.770146864069123,6.876125215700786,宏工科技,3836449.161904762,24.317758095238094,0,41.885442380952384,7.0123736857142855
sh.688498,C39计算机、通信和其他电子设备制造业,2025,-0.21079644197848735,6.869503262051236,源杰科技,2863673.992481203,8.023967969924811,0,-1318.9661086972892,7.376561789156626
sz.300468,I65软件和信息技术服务业,2025,-0.07524814582511435,6.835788520526517,四方精创,24178279.021485575,6.095343795580111,0,108.90434770945946,4.799700581081081
sz.300007,I65软件和信息技术服务业,2025,-0.21509113828975646,6.821256529517311,汉威科技,16768018.604051566,6.340245349294046,0,32.11768879361179,2.8199359404176905
sh.688573,C35专用设备制造业,2025,-0.2694661063278684,6.818594418084379,信宇人,3581448.403162055,9.705821146245059,0,-18.639311405940592,3.2231008138613864
sh.688521,I65软件和信息技术服务业,2025,0.05784884545175081,6.812035220943567,芯原股份,6354225.112745098,2.76075931372549,0,-2224.173167493106,13.879858688564479
sh.688656,C27医药制造业,2025,-0.1307040034320589,6.807704133826176,浩欧博,660630.9813499112,2.6188571936056837,0,76.55039310405644,5.571999833333333
sz.300167,I65软件和信息技术服务业,2025,-0.25140881570663665,6.797635617991583,ST迪威迅,14650669.822263222,4.638822623762376,1,-139.9012439367322,1.1953841246928747
sz.300570,C39计算机、通信和其他电子设备制造业,2025,-0.5950804607188349,6.762467633328287,太辰光,10001550.399017802,5.741001926335175,0,48.47312091339066,5.609217583538084
sh.688585,C26化学原料和化学制品制造业,2025,1.5688425210713863,6.759095995634286,上纬新材,2312246.261487051,2.3353809523809526,0,85.77618103322258,4.058575793189369
sh.688577,C34通用设备制造业,2025,-0.1417337617153977,6.750722540747354,浙海德曼,757659.2349546578,2.3972316570486396,0,87.72901682178218,3.6952247945544556
sh.688629,C39计算机、通信和其他电子设备制造业,2025,0.36688422127537634,6.747765006009642,华丰科技,11898027.740331491,10.782520626151014,0,890.1067702527674,11.405266090405904
sz.300870,C39计算机、通信和其他电子设备制造业,2025,-0.38797672806818967,6.747681742471176,欧陆通,2482669.337398374,4.771933495934959,0,53.446609520748574,4.394817754271766
sz.300995,C29橡胶和塑料制品业,2025,0.06085757519217437,6.73926611468597,奇德新材,2251146.862726406,6.754816015252621,0,171.74401833587785,3.31616489980916
sz.300984,C34通用设备制造业,2025,0.03911762399693838,6.734160120085546,金沃股份,1546920.3891577928,4.701515972894482,0,72.93589724418605,4.010857192829457
sz.301261,C34通用设备制造业,2025,-0.5847869041284958,6.719399749778452,恒工精密,3491911.5561797754,12.235690823970037,0,53.46946102814259,3.5729762270168854
sz.000880,C34通用设备制造业,2025,-0.19527473651044985,6.709590559362106,潍柴重机,8026378.136504015,5.073887672637431,0,32.26316164864865,2.105640855036855
sz.301377,C33金属制品业,2025,-0.058629407737626815,6.706514782410311,鼎泰高科,4905878.950437318,7.877805685131195,0,42.727823630656935,4.779569071532847
sh.688433,C34通用设备制造业,2025,-0.0951941957419454,6.683729946720108,华曙高科,2938928.4210526315,3.8239022071307303,0,153.21577053401361,7.726710034013606
sh.688648,C34通用设备制造业,2025,0.014217424457491093,6.671099519326648,中邮科技,4115649.3066666666,10.134938888888888,0,49.449646213808464,2.653447135857461
sz.300478,C29橡胶和塑料制品业,2025,0.07693305720143298,6.641211555196206,杭州高新,3557233.247080516,2.843849741241549,0,0.6392586818181819,13.035235504914004
sh.688316,I64互联网和相关服务,2025,0.46683415432231384,6.619299339659329,青云科技,1719614.0018248176,5.567479197080292,0,-14.02233174520548,12.289098206392694
sz.300680,C36汽车制造业,2025,-0.05146578851426967,6.61329769784515,隆盛科技,6548896.073050952,5.6062403990178025,0,80.94150916891891,4.272359166461916
sh.688110,C39计算机、通信和其他电子设备制造业,2025,0.4839065377723819,6.603156045384809,东芯股份,10446711.495614035,4.290746929824562,0,16.958938823851206,6.085537123632385
sz.301678,C39计算机、通信和其他电子设备制造业,2025,2.452831061397703,6.594645892804157,新恒汇,14653191.698412698,32.195776190476195,0,95.53658425396826,11.528952222222221
sh.688084,C35专用设备制造业,2025,-0.40569913821065584,6.572686640223729,晶品特装,962416.7833827893,3.276462166172107,0,226.71850252451708,4.0177359346211
sz.300695,C36汽车制造业,2025,-0.5683725499203003,6.567510992863887,兆丰股份,637728.2142418661,1.5009088305709024,0,23.805410142506144,1.871110062039312
sh.688788,C39计算机、通信和其他电子设备制造业,2025,-0.038479904190277664,6.560007054374543,科思科技,1215491.4895222129,2.2997090528080473,0,0.13126105620805376,3.3779417483221477
sz.002173,Q84卫生,2025,-0.10603668155161206,6.557572656059317,创新医疗,21817883.408225905,5.4561826482504605,0,-23.509234914004917,1.6416754981572481
sz.300584,C27医药制造业,2025,-0.4279088482693516,6.551393791158372,海辰药业,4019870.349907919,5.770350893186004,0,54.62960714987715,4.002130377149878
sh.688499,C35专用设备制造业,2025,-0.0914901205024948,6.546650474029919,利元亨,3223446.8984375,4.04380595703125,0,53.904896871945255,5.6565542043010755
sz.300846,I65软件和信息技术服务业,2025,-0.04328932974224115,6.540575742271272,首都在线,26340167.246056784,9.597855914826498,0,167.62330033701656,8.14610408445146
sz.300911,C38电气机械和器材制造业,2025,0.2614010414817266,6.532287603619457,亿田智能,2697981.6689595873,4.81513731728289,0,-76.41468418158347,5.030926491394148
sz.300100,C36汽车制造业,2025,-0.5700075076522447,6.527000368612428,双林股份,16327683.740945365,4.106744378759975,0,39.762846496928745,2.5708162321867323
sh.688136,C27医药制造业,2025,-0.5552031248328364,6.504508882169872,科兴制药,2720129.0579584776,3.3694251730103804,0,25.25937394458874,3.288343201731602
sz.300539,C29橡胶和塑料制品业,2025,-0.6075604914875363,6.478357309240456,横河精密,5512502.64640884,4.211362796068796,0,143.3046160061425,4.406971726044226
sz.300810,I65软件和信息技术服务业,2025,-0.19888296040448417,6.475088030502791,中科海讯,3145528.397719173,4.30841503920171,0,23.195522763908702,3.5085368523537803
sz.301000,C29橡胶和塑料制品业,2025,-1.0206967305302836,6.47161544999776,肇民科技,4692162.395415473,4.237157402101241,0,37.035367634799236,4.428494553537285
sz.301511,C39计算机、通信和其他电子设备制造业,2025,0.2600683394230376,6.46442233894544,德福科技,18117385.24110672,10.24395671936759,0,-577.5414897168317,2.9563766198019805
sh.600592,C34通用设备制造业,2025,0.24182636324794848,6.44966413642134,龙溪股份,10966142.02578269,2.744598843462247,0,10.21150717936118,2.0738161726044226
sh.688228,I65软件和信息技术服务业,2025,0.7227238228425563,6.436207511178168,开普云,1647566.481818182,3.8662771969696967,0,64.58484030775018,2.923276854778029
sh.688655,C39计算机、通信和其他电子设备制造业,2025,0.44056356590279083,6.413774616573903,迅捷兴,2697227.8639391055,3.851718458610847,0,-0.6216331869688386,3.0913628866855527
sz.301024,M74专业技术服务业,2025,0.6340144649054449,6.412885435541934,霍普股份,1516108.6338308458,7.47933631840796,0,0.849343557768924,3.183283104581673
sh.688048,C39计算机、通信和其他电子设备制造业,2025,0.08825358334662989,6.406288111855918,长光华芯,3870966.039239001,5.319860047562425,0,477.78073064880954,3.790957103571429
sz.301486,C39计算机、通信和其他电子设备制造业,2025,-0.07959959260254434,6.401995597431505,致尚科技,5922806.982857143,12.045583619047619,0,81.18761564981274,3.4363975
sh.603226,C20木材加工和木、竹、藤、棕、草制品业,2025,-0.22709501334275717,6.39790108001106,菲林格尔,4030178.729846154,2.931819990153846,0,20.581758007371004,2.5163812671990176
sz.300731,C29橡胶和塑料制品业,2025,0.14178623027481774,6.3959323681584195,科创新源,4866303.0374462865,4.460126675725757,0,86.62853376474202,5.180589506756757
sz.300255,C27医药制造业,2025,-0.028224370273793434,6.382111039801536,常山药业,24133175.04849601,2.9998281276856966,0,-28.59929499262899,4.47385510012285
sz.300920,C29橡胶和塑料制品业,2025,0.0383547668625406,6.380705271386466,润阳科技,1629647.9590235397,3.5915237140366174,0,65.74549504101222,2.540289498254799
sh.688229,I65软件和信息技术服务业,2025,-0.18857379431630647,6.379562489053108,博睿数据,794158.8558704454,2.965216437246964,0,13.465488899513778,4.64330014343598
sz.301489,C39计算机、通信和其他电子设备制造业,2025,0.013428192090787605,6.360188257928806,思泉新材,3369556.480603448,15.613258405172415,0,81.33760122246221,5.9995480626349895
sh.688011,C39计算机、通信和其他电子设备制造业,2025,0.0016948630908077966,6.354812976012798,新光光电,1479021.1704545454,3.4326389852941177,0,66.50853460468227,3.3644119819397993
sh.688800,C39计算机、通信和其他电子设备制造业,2025,-0.01848712165947239,6.349896562450548,瑞可达,3804662.121902874,3.760359167492567,0,63.64630135317461,6.916442879960317
sh.688369,I65软件和信息技术服务业,2025,0.07797865564985522,6.344609278941958,致远互联,2000296.1238628412,3.2468078376487055,0,33.247827188375354,4.290059287114846
sh.688678,C34通用设备制造业,2025,0.015247021051612797,6.3421585785684105,福立旺,4191690.338555265,3.692895648389904,0,28.674206319686412,2.8814561628919857
sh.688158,I64互联网和相关服务,2025,0.9807974737233234,6.3352717209770235,优刻得,11667798.238892935,4.357580626365623,0,-126.69670804081633,4.53165039941691
sh.688167,C39计算机、通信和其他电子设备制造业,2025,-0.09935931123387796,6.333739430326349,炬光科技,2476068.106077348,4.583431712707182,0,-47.492176230088496,5.036946972345133
sz.301632,M74专业技术服务业,2025,3.7620148909636524,6.312387900271816,广东建科,20902651.53846154,30.353765384615386,0,137.77070303846153,7.188045038461539
sz.301316,I65软件和信息技术服务业,2025,0.5781525477921052,6.30853983401817,慧博云通,14621783.413352273,12.898077698863636,0,143.55082301542777,11.159341057503507
sh.688502,C40仪器仪表制造业,2025,-0.7217262117173178,6.29468369900944,茂莱光学,1171165.8536585367,7.973325853658537,0,240.33248119055375,10.240539576547231
sh.688160,C40仪器仪表制造业,2025,-0.3120992398581217,6.2889425632555955,步科股份,1808348.2741935484,4.837502801358235,0,66.13299427272726,6.51406181393373
sz.300469,I65软件和信息技术服务业,2025,-0.07793996915717774,6.2625822823438275,信息发展,9842871.454880295,4.798085911384615,0,-14.102456858108107,14.748297254914005
sz.301581,C36汽车制造业,2025,1.4450306998964026,6.2610980070456295,黄山谷捷,2597240.8779069767,12.986207558139535,0,37.64905662790698,6.07846111627907
sh.688227,I65软件和信息技术服务业,2025,0.19097994483814706,6.24270420613399,品高股份,1811199.4950055494,3.3667910099889014,0,-18.129735751111113,2.3554427533333335
sh.688288,C39计算机、通信和其他电子设备制造业,2025,0.2416418877276561,6.238299528728135,鸿泉物联,1971018.9901754386,4.023240771929824,0,-28.041113264747192,3.995561889747191
sh.688143,C39计算机、通信和其他电子设备制造业,2025,-0.4255388704560673,6.237299075129202,长盈通,2362221.034690799,4.073086274509804,0,152.2176674798808,3.937400342771982
sz.301018,C35专用设备制造业,2025,-0.27080916784601294,6.2343534240401635,申菱环境,7152231.252941176,7.71439568627451,0,56.61960538469088,4.253131590775269
sh.688365,I65软件和信息技术服务业,2025,0.0028846773218756394,6.2172525571105055,光云科技,7657089.670489296,4.135461850152906,0,80.27890761897476,7.1664655853098695
sh.688776,C39计算机、通信和其他电子设备制造业,2025,-0.3083918100602759,6.214295421537361,国光电气,1372228.9571865443,3.007298369011213,0,111.98730972040816,6.440244978571428
sh.688071,C35专用设备制造业,2025,-0.07728211423459505,6.198900414085611,华依科技,1633055.3217131475,3.95616015936255,0,46.64462310667996,5.927654068793619
sz.300065,C39计算机、通信和其他电子设备制造业,2025,0.06026392749473938,6.1977930089495334,海兰信,26533945.424953677,4.79805854708798,0,92.91283878746928,4.051910815724816
sz.300528,R87广播、电视、电影和录音制作业,2025,0.2380227153194039,6.19593386797112,幸福蓝海,11198884.319828115,3.422717861878453,0,-9.545066756142505,5.841497221130221
sz.002779,C35专用设备制造业,2025,-0.5740392481337546,6.185502420473549,中坚科技,2201580.785758134,1.7827896617556782,0,99.10103379299754,5.893502307739558
sh.603382,C26化学原料和化学制品制造业,2025,1.4091998294135597,6.1840809340501925,海阳科技,7022635.043478261,19.770452173913043,0,35.882999579710145,4.558188753623188
sh.688290,C35专用设备制造业,2025,-0.21093151904053825,6.178488331058885,景业智能,1370835.7156743621,3.2561575941676795,0,94.78720803284672,5.509815574209245
sh.603319,C36汽车制造业,2025,-0.2399817278473221,6.175198762848096,美湖股份,6107227.655616943,3.3020736629834255,0,23.149547173832925,2.7740850614250614
sh.688258,I65软件和信息技术服务业,2025,-0.08422904831587791,6.174113158462996,卓易信息,2287904.1241084165,4.1155855206847365,0,113.64930423269092,6.290992563882941
sz.300353,C39计算机、通信和其他电子设备制造业,2025,0.07241676301512223,6.173582571761136,东土科技,22946968.137507673,5.338737413218036,0,-34.151764142506146,4.472657968058968
sz.301007,C36汽车制造业,2025,0.00916334159318357,6.162949729236665,德迈仕,9824637.672797676,9.629407357212003,0,52.5208826827853,4.452556527079304
sh.688343,I65软件和信息技术服务业,2025,0.2424374814569939,6.16151388204011,云天励飞,10127654.396984925,6.171984757118928,0,-38.45355586241611,4.702161474832215
sz.300819,C17纺织业,2025,0.1139017983112463,6.151920718605321,聚杰微纤,3567454.4504101416,7.764470693512304,0,75.01311863731344,3.1607565731343286
sz.300502,C39计算机、通信和其他电子设备制造业,2025,0.21083393159945646,6.150513664510575,新易盛,22729506.88520565,5.057230271945978,0,56.47280983230958,8.30838251904177
sh.688507,I65软件和信息技术服务业,2025,-0.06985335967569731,6.141476365037647,索辰科技,1377965.2108843538,4.359012925170068,0,151.00451519761498,4.395268298126065
sz.301075,C27医药制造业,2025,-0.4184789934141341,6.126640745030609,多瑞医药,2336395.1507276506,7.086483471933472,0,91.95727817793966,2.9125558231009365
sz.301128,C35专用设备制造业,2025,-0.17178897542824573,6.123289557406288,强瑞技术,3047929.6403415157,10.55391931696905,0,56.442203443376066,4.856973836538462
sz.001382,C38电气机械和器材制造业,2025,3.3988343221038773,6.119971608799181,新亚电缆,9586534.56910569,15.940493495934959,0,66.8785289105691,5.885436260162602
sz.002896,C34通用设备制造业,2025,-0.9442245050406176,6.103478710645689,中大力德,6486927.961939841,4.987396028852056,0,60.33858268611793,4.552683858722359
sz.300533,I64互联网和相关服务,2025,-0.41007953103972317,6.090859017015317,冰川网络,6627759.194597913,5.109763117249846,0,-23.467178453931204,3.020622807125307
sz.002364,C38电气机械和器材制造业,2025,-0.5227262191451367,6.085872973216877,中恒电气,16935793.992019642,3.1245700392879066,0,61.95510167199017,2.488554504914005
sz.300378,I65软件和信息技术服务业,2025,0.03589265333142913,6.072425037821377,鼎捷数智,11990927.599140577,4.498248338244322,0,53.54054024017199,3.4923037457002457
sh.688302,C27医药制造业,2025,-0.1448433206949199,6.067454260994488,海创药业,1565053.7141148325,3.580115071770335,0,-16.051725440718563,3.2839207568862276
sh.605133,C36汽车制造业,2025,-0.5305323348808464,6.066420541302555,嵘泰股份,4647036.381981982,7.157228288288288,0,35.64823809287647,2.345292371505861
sz.300581,C39计算机、通信和其他电子设备制造业,2025,-0.7881413012198571,6.066282066732137,晨曦航空,14321627.689993862,4.9650916838551264,0,-919.4468460626535,7.0351659275184275
sh.603011,C34通用设备制造业,2025,-0.09521569095551188,6.061565369649667,合锻智能,18673301.985267036,3.889193933087784,0,-37.20571661117936,1.6747704035626536
sh.603256,C30非金属矿物制品业,2025,0.1358516124857232,6.061117587064973,宏和科技,8604518.197060788,3.807628886439546,0,-86.48632089639037,6.299460629679144
sh.688246,I65软件和信息技术服务业,2025,0.051094109585198194,6.058642747335054,嘉和美康,2182193.8455640743,2.8514140197152242,0,30.566970668859646,3.1183966644736842
sh.688195,C39计算机、通信和其他电子设备制造业,2025,0.4218633020080259,6.055688837206118,腾景科技,4161581.039888683,5.588978571428571,0,70.00332604599816,4.58318135050598
sh.603767,C36汽车制造业,2025,-0.3805677122487129,6.046967869252876,中马传动,8769590.676488644,3.3266706734192755,0,77.27862321498772,2.13950785012285
sh.600589,I65软件和信息技术服务业,2025,-0.2656300739775421,6.042863177140459,大位科技,34314799.47232472,3.2394849893081763,1,27.4185677972973,3.960639540540541
sz.300324,I65软件和信息技术服务业,2025,0.2030329879049017,6.03871249660757,旋极信息,63579476.125,4.376635618842364,0,-187.38742412776415,1.852528375307125
sz.300611,C36汽车制造业,2025,-0.33498843768169084,6.035175490164076,美力科技,6011359.689379987,4.574675423572744,0,2534.8567251971745,2.594912848280098
sz.301479,C39计算机、通信和其他电子设备制造业,2025,1.6827664971281204,6.025754749740222,弘景光电,2736822.0317460317,16.302242063492063,0,48.16634132539683,8.183346444444444
sz.301557,C30非金属矿物制品业,2025,1.27831506947286,6.025139649782448,常友科技,1270460.6397058824,11.46625,0,31.68036473529412,3.6671494705882353
sz.301160,C33金属制品业,2025,-0.3873457409793914,6.021326668813368,翔楼新材,2164552.309612984,6.305015980024969,0,22.56400190375,2.8581928787499997
sh.688393,C27医药制造业,2025,0.1379886896582821,6.018477036918151,安必平,1472558.5381493506,2.425813961038961,0,120.76457029488222,2.2758711307879773
sz.301217,C39计算机、通信和其他电子设备制造业,2025,-0.23996417361647437,6.012334357795077,铜冠铜箔,12073404.290249433,4.731026530612245,0,-9.798426209988648,2.27874356753689
sh.688244,I65软件和信息技术服务业,2025,0.012014273525602276,6.011681523286451,永信至诚,1447361.6211267605,5.195599154929577,0,202.61033226657264,4.284605866008462
sz.301488,C39计算机、通信和其他电子设备制造业,2025,0.3237596923291528,6.006948928392784,豪恩汽电,3161592.1970260222,14.48198940520446,0,56.846250527001864,5.962672655493482
sz.300946,C33金属制品业,2025,0.0825385882428166,6.00409765944011,恒而达,2048076.218442256,6.268103670546106,0,46.02755021057347,4.268181089605735
sh.688660,C34通用设备制造业,2025,-0.7448424060570117,6.003741019402257,电气风电,19949642.971537,3.1925503795066414,0,20.54077002374169,1.6560118062678062
sh.600698,C36汽车制造业,2025,-0.40701296296738476,5.994843595803173,湖南天雁,22875588.847759362,2.9198325928659288,1,-1334.236844483415,6.219417426904177
sz.300395,C30非金属矿物制品业,2025,0.10538180802874339,5.990870663161333,菲利华,6048570.031307551,1.5196653781461018,0,53.3138726990172,6.595750380835381
sz.002104,C39计算机、通信和其他电子设备制造业,2025,-0.43656414512809966,5.986500119928063,恒宝股份,37313556.41190915,6.290261090239411,0,-10.889311455773957,2.866278568181818
sh.600610,C26化学原料和化学制品制造业,2025,-0.868935523025196,5.9768721282065265,中毅达,16860570.20810313,3.845250374520338,1,121.46167701474201,118.85826497297296
sh.688108,C35专用设备制造业,2025,0.8418011170124514,5.969676352025921,赛诺医疗,7713893.786713286,3.499868811188811,0,38.83438615325402,5.327935853044087
sz.300952,C17纺织业,2025,-0.07861148430131051,5.966748980679807,恒辉安防,2970923.964513194,5.685348134667881,0,30.134232069216754,3.2493878998178505
sz.300547,C29橡胶和塑料制品业,2025,-0.4101156716062126,5.964329665183113,川环科技,8021545.162062615,4.985334452424801,0,24.3791551007371,3.425886007985258
sz.300875,C35专用设备制造业,2025,-0.8369380016662271,5.957602592789771,捷强装备,3505095.8404958677,6.554655867768595,0,-26.168767966639546,3.716485966639544
sz.003010,I64互联网和相关服务,2025,-0.7148845878362007,5.949660347528514,若羽臣,4828060.266998341,6.136552985074626,0,-854.5764958315353,3.4842277311203316
sz.300682,I65软件和信息技术服务业,2025,0.3565167621363181,5.948510371504781,朗新集团,11526633.979742173,1.814340449017199,0,28.586761222972974,3.8938461044226043
sz.000678,C36汽车制造业,2025,-1.3179728129268127,5.940994132329267,襄阳轴承,17725981.283609577,3.8861209592592596,0,-87.58690135933661,3.176397656019656
sh.603200,N77生态保护和环境治理业,2025,-0.7171875400156695,5.93280097413866,上海洗霸,4588414.340699816,3.7177929840392876,0,95.13843049201475,4.187884921990173
sz.300149,M73研究和试验发展,2025,-0.27337630557342735,5.929354802212615,睿智医药,11932290.40392879,2.512336573357888,0,27.75675411916462,2.763246224815725
sz.300394,C39计算机、通信和其他电子设备制造业,2025,-0.16459415750570358,5.913684193319767,天孚通信,11575284.670349907,3.041907251074279,0,48.24648888083538,9.210619631449632
sz.300399,I65软件和信息技术服务业,2025,-0.3329138416072377,5.912859142823827,天利科技,8142721.306322898,4.547497181092695,0,178.99798209705162,6.150197301597052
sh.603166,C36汽车制造业,2025,-0.36108333533420733,5.9045091085403225,福达股份,10383011.742173113,1.6450827980356044,0,34.69321527149877,1.9900910147420148
sz.300895,I65软件和信息技术服务业,2025,-0.39427856401900546,5.903069923575504,铜牛信息,6206821.056338028,9.492071333885667,0,27.287646695688228,4.531656610281924
sz.002657,I65软件和信息技术服务业,2025,0.04819335608180883,5.900341339109957,中科金财,19411807.692449354,6.242513120319215,0,305.4395909379607,2.597485867936118
sh.688702,I65软件和信息技术服务业,2025,-0.19114690532786138,5.898258955971805,盛科通信,3007329.923868313,4.279140329218108,0,-328.3085884824742,12.309670810309278
sh.688630,C35专用设备制造业,2025,-0.06858939303879205,5.897795142077706,芯碁微装,2697604.86900369,4.665958856088561,0,64.8190554385965,7.260356325023084
sz.300961,N77生态保护和环境治理业,2025,-0.1933900777145652,5.894027394594621,深水海纳,6728583.229281768,6.378170902394107,0,13.595470757603687,2.6416380949308755
sh.688333,C34通用设备制造业,2025,-0.10368697776308824,5.893560190249485,铂力特,2323006.385026738,3.4594920280748664,0,51.22106828160535,8.75406351638796
sz.301209,C26化学原料和化学制品制造业,2025,-0.41153175069382464,5.891328098701802,联合化学,2270278.738896366,9.629287348586809,0,58.949836671159034,4.5342836091644205
sz.300757,C35专用设备制造业,2025,-0.27412846748298714,5.890226349698111,罗博特科,3390963.0579439253,4.558952609345794,0,152.5800361317734,10.629013102216748
sh.688322,C39计算机、通信和其他电子设备制造业,2025,-0.2598394503030723,5.889354809008299,奥比中光,6367468.997429306,5.5761498714652955,0,-270.32884024967825,5.198682939510939
sh.600580,C38电气机械和器材制造业,2025,-0.6048516439800157,5.8871275403495416,卧龙电驱,39854838.36586863,2.979308876611418,0,28.278310742014742,2.1750553323095825
sh.688716,C26化学原料和化学制品制造业,2025,-0.8030164314669881,5.875423192801888,中研股份,4709121.647302904,9.222773443983403,0,82.12572193970894,3.525422528066528
sh.600410,I65软件和信息技术服务业,2025,0.08122293376751176,5.875059295892626,华胜天成,55922974.81154082,5.095703318600369,0,-196.79956254729728,1.9359609981572483
sz.301326,C39计算机、通信和其他电子设备制造业,2025,-0.2047334088106434,5.874434410593585,捷邦科技,2036062.044137931,8.61184524137931,0,-78.36020878867403,2.7034506588397793
sz.301082,C38电气机械和器材制造业,2025,-0.5123826037708652,5.873313436079353,久盛电气,7928535.990496304,9.738818796198522,0,48.14536124735729,3.3638894778012687
sh.603800,C35专用设备制造业,2025,-0.6604388570619487,5.870773293109023,洪田股份,3085367.28422345,1.4851731057160418,0,4.725789490171991,4.997021085995086
sz.300546,C39计算机、通信和其他电子设备制造业,2025,-0.4507489709152702,5.866638467783301,雄帝科技,7626802.759361572,7.17816615592388,0,2696.9797536572482,3.530725046683047
sh.688757,M74专业技术服务业,2025,2.1125720625379896,5.866310360171182,胜科纳米,4758990.454545454,14.609452892561983,0,127.31338307438017,12.690431487603306
sz.001395,C35专用设备制造业,2025,1.898548458332371,5.865840265453195,亚联机械,3527653.3525641025,18.239189102564104,0,22.85854069871795,4.375301814102564
sz.300945,F52零售业,2025,-0.6097857448560176,5.865158072724916,曼卡龙,11015190.495964125,9.821967264573992,0,47.63536909694793,3.7355425852782767
sh.688500,I65软件和信息技术服务业,2025,-0.16633528755154967,5.864107180391372,慧辰股份,1200671.555732484,2.633766640127389,1,-0.19160607324840756,2.7696741050955413
sz.301228,M74专业技术服务业,2025,-0.043265516220977476,5.862972581429244,实朴检测,4159771.9250851306,8.168346992054483,0,-243.35806880681818,2.9892306715909087
sh.688096,C35专用设备制造业,2025,0.32990377143430916,5.852611025672318,京源环保,1954743.7639939485,2.353287367624811,0,2.326797886449659,2.3896001188493563
sh.603286,C36汽车制造业,2025,-0.11670884914963685,5.844770911712041,日盈电子,4097533.07796194,4.581321942307692,0,-59.5396901541769,3.1439795325552824
sz.301205,C39计算机、通信和其他电子设备制造业,2025,-0.4724074688036083,5.839474477437077,联特科技,5052195.640218878,12.217353625170999,0,-91.69770849178083,6.80319561369863
sh.688039,I65软件和信息技术服务业,2025,0.024921330282032417,5.83849353670486,当虹科技,2593946.8407142856,4.101144071428571,0,23.505855737669762,4.2958397748391715
sh.688428,C27医药制造业,2025,0.1304231597335944,5.83795572519937,诺诚健华,7045832.948965517,2.8317129655172413,0,-55.22518515745857,3.4730601298342543
sh.688166,C27医药制造业,2025,-0.051180765473251386,5.836200075903936,博瑞医药,5924047.478566409,2.7453842586085733,0,91.91713221097046,9.299473779887483
sh.688661,C39计算机、通信和其他电子设备制造业,2025,-0.18902414851559649,5.831700204980114,和林微纳,2163913.9236430544,5.202076080956762,0,-7.976434006445673,7.060890372928177
sz.300199,C27医药制造业,2025,0.059250430495453144,5.829691021851724,翰宇药业,36921339.41927563,5.583868481890731,0,413.98979882063884,7.896865045454546
sh.688691,I65软件和信息技术服务业,2025,-0.5066741364217486,5.829313690344283,灿芯股份,3661940.113960114,11.166042735042735,0,-39.75482842735043,6.113923584045583
sh.688668,C39计算机、通信和其他电子设备制造业,2025,-0.05035631433890403,5.828607050382365,鼎通科技,3406614.1815812336,5.2271210251954825,0,53.46923152521739,4.957828274782608
sh.688077,C30非金属矿物制品业,2025,-0.322989492137852,5.824783154083837,大地熊,2526291.798084597,4.931296727853152,0,-15.770506419329074,3.931370085463259
sz.300472,C35专用设备制造业,2025,-0.8135857216417448,5.82000471876247,*ST新元,10467215.127764128,4.689151950859951,1,7.537352093980344,8.681547862407863
sz.301052,R86新闻和出版业,2025,-0.18467747419576036,5.818764531653789,果麦文化,5427754.216904277,10.639430549898167,0,63.596158619775736,4.559896337410805
sh.688202,M73研究和试验发展,2025,-0.5153289159794371,5.817861239728721,美迪西,2016674.5350631136,3.660934852734923,0,58.4657660814035,10.971675214035088
sh.688680,C29橡胶和塑料制品业,2025,-0.15056184251506372,5.813860424665757,海优新材,1906929.3537234042,3.89757615248227,0,-114.15959264862467,5.501967218278616
sz.002427,C28化学纤维制造业,2025,-0.44431143060433065,5.801603511393705,尤夫股份,10465350.750307502,1.2654359741538461,1,77.62454601597051,-17.679102111793615
sz.300486,C34通用设备制造业,2025,0.4538864456050351,5.801281990246576,东杰智能,8541999.596674876,2.3347295252463054,0,22.917461647420147,2.608891133292383
sh.688222,M73研究和试验发展,2025,0.06780830933169062,5.801002378667691,成都先导,5509532.176157935,2.59355747911921,0,158.07118519832827,7.958856042553192
sh.688306,C35专用设备制造业,2025,0.5376815224691839,5.797036815669873,均普智能,16897224.769140165,3.783505889281508,0,176.1285449870283,4.459110683962264
sh.603579,C38电气机械和器材制造业,2025,-0.3578331369372743,5.790783715554472,荣泰健康,2370251.0601596073,1.7894465009208103,0,17.517317254299755,2.207208414004914
sh.688590,I65软件和信息技术服务业,2025,-0.1506156325880334,5.78933172660901,新致软件,6826315.614125754,4.570644616709733,0,77.0393166612069,3.4622706706896555
sz.300125,C38电气机械和器材制造业,2025,0.030318484595231426,5.7782968879144345,*ST聆达,10151314.95697603,3.874218955132145,1,211.51739658599507,3.8705247794840294
sz.300491,C38电气机械和器材制造业,2025,-0.2889322818317076,5.778286012399148,通合科技,6525640.360343769,4.831767907918969,0,130.31165839373463,3.5040559428746927
sz.301005,C36汽车制造业,2025,0.039085286740338024,5.777836433149033,超捷股份,3526870.6899521532,5.659866220095694,0,99.21404762356322,4.639397445402299
sz.002272,C34通用设备制造业,2025,-0.08867552017728733,5.765744973583622,川润股份,26033735.302639656,7.451009314917127,0,-68.78267391339067,1.9978547352579852
sh.688700,C35专用设备制造业,2025,0.07729105323491973,5.76239924218811,东威科技,3960507.164092664,3.5266890926640926,0,91.92686085120772,11.70820381352657
sz.300237,C36汽车制造业,2025,-0.018733162484527444,5.7584059687907185,美晨科技,48078502.52524631,3.338460701970443,0,-16.212908792997546,11.242711103194104
sz.300927,C26化学原料和化学制品制造业,2025,-0.5849086781276134,5.75408587271505,江天化学,3717732.736611062,6.3395234416154524,0,37.703100795254834,4.260212587873463
sh.688255,C34通用设备制造业,2025,-0.14694753241156824,5.744223767890565,凯尔达,1896119.062170706,3.7161763962065333,0,94.78056478375527,3.7672582552742617
sh.688400,C39计算机、通信和其他电子设备制造业,2025,0.010850110928659298,5.742592748807694,凌云光,8040012.383825418,5.128007060333761,0,73.67336361953728,3.333971046272494
sh.688658,C27医药制造业,2025,-0.14599603567558114,5.739497754183979,悦康药业,5472258.168118467,2.472945905923345,0,174.00774234176112,2.7244561752397556
sz.002553,C36汽车制造业,2025,-0.8835256048309719,5.734128746612464,南方精工,18626464.508901168,7.741242709023941,0,39.24246181203931,3.7499456750614253
sz.300085,I65软件和信息技术服务业,2025,-0.7082142008913843,5.729808512778916,银之杰,27318578.44874156,5.309780883977901,0,-213071.4708065823,15.491011654791155
sh.603516,C39计算机、通信和其他电子设备制造业,2025,-0.3718147536442606,5.726163684096316,淳中科技,5636991.679558011,3.491899723143032,0,125.2592894539312,4.82287542997543
sz.301137,C33金属制品业,2025,-0.6370589597661341,5.718436727362113,哈焊华通,6143432.942285041,9.02319929328622,0,71.28833797759434,2.6505746226415097
sz.301079,C34通用设备制造业,2025,-0.6199959357899015,5.699799800103645,邵阳液压,4798297.237539766,9.67483032873807,0,-165.15692726890757,5.232631855042016
sz.002384,C39计算机、通信和其他电子设备制造业,2025,0.17875336356336624,5.696245609762386,东山精密,45024575.548189074,3.4035268815224065,0,31.308372496928744,2.99921282002457
sh.688226,C38电气机械和器材制造业,2025,-0.0014194338041136068,5.690057222411662,威腾电气,3330048.0421568626,4.298123333333333,0,43.71332925613346,3.2704661736997056
sz.300660,C38电气机械和器材制造业,2025,-0.8698060686466595,5.685431120690103,江苏雷利,6496919.448741559,3.263186468190241,0,28.977127264742013,2.7074437678132677
sz.300835,C39计算机、通信和其他电子设备制造业,2025,-0.6028296095929646,5.677772406996812,龙磁科技,3797304.3665893273,7.296582211910286,0,41.26788864628483,4.229026437306502
sz.300885,C33金属制品业,2025,-0.17788970521868025,5.670589433423737,海昌新材,5573399.804437141,6.27286474938373,0,47.03640647615132,3.7852224399671055
sh.688360,C34通用设备制造业,2025,-0.13780095295462153,5.668671036656705,德马科技,2265434.4491064493,2.810869463869464,0,33.94088651088647,3.1725278903576983
sh.688031,I65软件和信息技术服务业,2025,0.07335279779466292,5.668271490168496,星环科技,3164689.2306610406,5.133324191279888,0,-27.81421833802817,9.529646991549296
sz.300475,F51批发业,2025,-0.013959128772540887,5.658878497978241,香农芯创,9162435.293284042,2.4495459154754506,0,53.41383384705159,4.596297767199017
sh.605488,C29橡胶和塑料制品业,2025,-0.5673583875395499,5.654683684565718,福莱新材,4539717.851606805,5.663510964083176,0,36.66952501135289,3.437080030274361
sz.002664,C36汽车制造业,2025,-0.24147597578216362,5.65336403507181,信质集团,8262982.170656845,2.137341072437078,0,-2.140615781941032,2.1817120995085997
sz.301421,C40仪器仪表制造业,2025,-0.39761752120321886,5.652475858665322,波长光电,6092625.494023904,16.664477290836654,0,147.755801746507,6.402684516966068
sz.300609,I65软件和信息技术服务业,2025,0.5331214128117002,5.652253027604939,汇纳科技,4700676.2699877,4.858358856703568,0,-15.600542822481572,3.7267021400491402
sh.688141,I65软件和信息技术服务业,2025,-0.025217316274621218,5.649068521051785,杰华特,7949547.781297134,4.792393061840121,0,70.57228315407855,7.14230689879154
sz.301123,C39计算机、通信和其他电子设备制造业,2025,0.021678437481786994,5.64503384316083,奕东电子,5483288.169683258,7.00568834841629,0,536.248737580974,2.157873280860702
sh.688279,I65软件和信息技术服务业,2025,-0.04499026962107154,5.644827677716229,峰岹科技,1024583.2385542169,2.6119301204819276,0,65.44060437032569,5.94909441013269
sh.688210,C39计算机、通信和其他电子设备制造业,2025,0.031667144510725234,5.640161634236527,统联精密,2549573.125,3.0409991150442477,0,49.58341055260244,3.169468753045404
sh.603063,C38电气机械和器材制造业,2025,0.22264919391125043,5.625149502007211,禾望电气,11842150.823818294,2.8852982707182324,0,42.255174364250614,2.813620987714988
sz.300648,C35专用设备制造业,2025,-0.01488010923815554,5.624489315996055,星云股份,4495031.300184162,5.263668125230202,0,19.256887452702703,5.459076617936118
sz.002549,N77生态保护和环境治理业,2025,-0.24670553235040812,5.624434482990656,凯美特气,19127963.6635973,2.9191537636586866,0,51.71197851965602,5.37576603009828
sz.300657,C39计算机、通信和其他电子设备制造业,2025,0.4713450314064343,5.622624648266327,弘信电子,15863282.106200123,4.324002583847102,0,29.86178238943489,5.803203277027027
sz.301658,C38电气机械和器材制造业,2025,1.7185285856184846,5.619587118259876,首航新能,8329458.956521739,21.507591304347827,0,52.20080639130435,4.361254965217391
sz.300382,C35专用设备制造业,2025,0.11338689440162444,5.6151177035963284,斯莱克,13175249.316758748,2.20290844198895,0,117.46503752027027,5.043076235257986
sh.688552,C39计算机、通信和其他电子设备制造业,2025,-0.4838756578686878,5.614460292088788,航天南湖,5205708.059753954,6.274022144112478,0,37.1848839665493,3.6856088063380286
sz.301070,C34通用设备制造业,2025,0.05921248717251343,5.613530551293343,开勒股份,1589987.2857142857,5.069395859213251,0,-85.91115525284974,3.284477083937824
sz.300043,I64互联网和相关服务,2025,-0.5448943292789147,5.610762161670012,星辉娱乐,45790253.302639656,4.396731171270718,0,-16.985807034398036,2.0833135964373466
sz.300249,I65软件和信息技术服务业,2025,-0.5132535731328604,5.60880958973401,依米康,24887183.13198281,7.345648596071209,0,138.77478389127765,7.0253261566339065
sz.001212,C30非金属矿物制品业,2025,0.72303768575623,5.604563983941297,中旗新材,3735706.6771573606,6.5044820304568525,0,107.93324821095335,2.6273312525354973
sz.300767,C29橡胶和塑料制品业,2025,0.412362014638909,5.60398110652145,震安科技,4573516.685114504,3.865976278625954,0,71.22654118523234,6.998122834500318
sz.300329,C24文教、工美、体育和娱乐用品制造业,2025,0.4597587040015727,5.603213601002251,海伦钢琴,7996263.562807882,3.172228118226601,0,57.11937998710074,2.0564538095823095
sz.300857,C39计算机、通信和其他电子设备制造业,2025,0.3623013927715729,5.599337560617494,协创数据,6808405.0528,4.38597376,0,43.4378615236189,5.280176230584468
sz.300967,A03畜牧业,2025,-0.27491268481921344,5.59721436294126,晓鸣股份,7447681.908077994,9.041744382544103,0,15.746241381040893,4.1648616394052045
sz.301397,C36汽车制造业,2025,-0.0927602754727619,5.595607459669971,溯联股份,2749221.8616236164,6.746991512915129,0,27.35485244547135,2.4345929833641407
sh.601086,F52零售业,2025,-1.1728047762066431,5.5951694533599206,国芳集团,14026208.895027624,3.0207010460405157,0,39.33252341830467,2.05906810995086
sh.688010,C40仪器仪表制造业,2025,-0.370258305979542,5.591313020689003,福光股份,2352258.8168449197,3.188310078208556,0,116.69126608361205,2.9565093779264218
sz.002335,C38电气机械和器材制造业,2025,0.006043007004826087,5.590596656400394,科华数据,14102620.173112338,3.7398003136893796,0,43.117949046068794,3.3011419963144966
sz.002345,C24文教、工美、体育和娱乐用品制造业,2025,-0.3725926938844586,5.589529942324141,潮宏基,17332534.72805402,1.9831691988950275,0,13.884803507371007,1.4203349742014744
sz.300553,C40仪器仪表制造业,2025,-0.07623872280919705,5.586879497401316,集智股份,1365114.7476979743,3.187717562922038,0,124.79517235749385,4.738714281326781
sz.301176,C39计算机、通信和其他电子设备制造业,2025,-0.44102984349579605,5.586194729181316,逸豪新材,4602456.5125,8.664324444444444,0,-27.78056023783032,2.0154117301808068
sz.300561,I65软件和信息技术服务业,2025,-1.8198501870789576,5.582971874134053,*ST汇科,13374764.09476923,8.473264887780548,1,-335.2328395823096,6.96556150982801
sz.002265,C36汽车制造业,2025,-0.7632027266725349,5.5821509911057525,建设工业,12937212.570457354,3.6095140803461065,0,173.54513481511057,4.796856135749386
sz.300004,C34通用设备制造业,2025,-0.12782195027464202,5.575778890274336,南风股份,12520270.543278085,2.7615703542050336,0,85.70153071805898,1.5193307702702703
sz.300844,M74专业技术服务业,2025,-0.03109915671431651,5.566290674838626,山水比德,1807596.315206445,9.440146022155085,0,-2.4262552610887096,3.121900857862903
sz.300607,C34通用设备制造业,2025,-0.8373192696225077,5.563100812096822,拓斯达,12413956.25844076,4.871169089790898,0,10.6931515485258,4.19780096007371
sh.688320,C40仪器仪表制造业,2025,-0.44340153667081955,5.562174499194316,禾川科技,4275338.3834951455,5.748972936893204,0,43.10651680194411,4.673482682867558
sz.301220,C26化学原料和化学制品制造业,2025,-0.2272322509677783,5.562152320838512,亚香股份,1747922.63878327,4.5241996197718635,0,35.96179665482234,2.1965327626903552
sh.603359,N77生态保护和环境治理业,2025,0.03748075492389332,5.55553159287134,东珠生态,8508578.824583076,2.184454797405806,0,-0.10023861486486486,1.4232307082309583
sz.301038,M74专业技术服务业,2025,-0.4466969407702037,5.553555281062854,深水规院,6045331.151,10.900262099999999,0,113.65236705605605,3.7644921311311315
sz.300879,C35专用设备制造业,2025,-0.46320354303430594,5.552387593051108,大叶股份,5358108.6062091505,5.9539582516339875,0,16.83891695421096,3.764169661488144
sh.603900,F52零售业,2025,-0.6325156140899809,5.551947427782909,莱绅通灵,8613423.512899263,2.8918096431203932,0,-16.20544231203931,1.1990216062653563
sz.300738,I65软件和信息技术服务业,2025,-0.11805109079980942,5.551864074851956,奥飞数据,25384315.13198281,4.880538009821977,0,68.40047131326781,6.0785766486486486
sh.601869,C39计算机、通信和其他电子设备制造业,2025,-0.0887047786466765,5.547399396279298,长飞光纤,4195334.153468385,1.975880097605893,0,28.682591309582307,2.545823014742015
sz.300972,F52零售业,2025,-0.2264189351924908,5.545338306394507,万辰集团,3998162.9925442683,6.425045013979497,0,112.66990046268657,8.328446152985075
sz.301665,C26化学原料和化学制品制造业,2025,2.8173753114640756,5.5431785845591275,泰禾股份,6723181.9174311925,18.724246788990826,0,46.52759451376147,4.380922972477064
sh.688327,I65软件和信息技术服务业,2025,0.2182355851064806,5.542393665976671,云从科技,28711249.47890819,7.826451861042184,0,-22.514874595031056,10.206671197515528
sh.688256,I65软件和信息技术服务业,2025,-0.30741959415909875,5.540141238394941,寒武纪,6056314.0533864545,2.94235984063745,0,69.59812033253588,17.54843664673046
sh.688719,C38电气机械和器材制造业,2025,-0.055556745868504495,5.535278052017006,爱科赛博,1647572.5105042018,4.07818025210084,0,48.949394776842105,2.4746568
sh.688003,C35专用设备制造业,2025,0.22889403134586006,5.534354442760526,天准科技,2803436.6189839575,3.1137125360962568,0,65.54760670100335,5.0344459779264215
sh.688775,C39计算机、通信和其他电子设备制造业,2025,2.9673267651740063,5.533515498497253,影石创新,4556504.828571429,14.93859,0,87.43428247142857,23.063224114285713
sh.688622,C40仪器仪表制造业,2025,0.05137996410966089,5.531754262691166,禾信仪器,887428.7912772585,2.7700728971962616,0,-75.12918907826983,6.9695876436663236
sz.001335,F51批发业,2025,2.615407120992804,5.528535398812977,信凯科技,3117250.85046729,13.574735514018691,0,31.26830242056075,5.082726457943925
sz.002164,C34通用设备制造业,2025,-0.12796876151816503,5.525888303429719,宁波东力,20351596.27071823,4.364681065070595,0,7.242501391277641,4.237881665233416
sh.603657,C29橡胶和塑料制品业,2025,-0.5522700884332553,5.524829221763708,春光科技,2772088.0288520562,3.811386148557397,0,29.177532923832924,2.6303068384520882
sh.605208,C32有色金属冶炼和压延加工业,2025,-0.40882904706190737,5.5239629095730765,永茂泰,9344813.506352087,6.164189473684211,0,-0.6280013079019076,1.788864578564941
sh.688336,C27医药制造业,2025,-0.0041433021254694835,5.5236926515144456,三生国健,2361886.2769353553,1.8766181165203513,0,85.16279781070288,3.0165540231629393
sh.603086,C26化学原料和化学制品制造业,2025,0.2703105483796737,5.523469472051019,先达股份,8278014.63597299,2.6440226464088394,0,30.7383913955774,1.571050191031941
sh.688626,C35专用设备制造业,2025,0.2561080477008733,5.522424626668284,翔宇医疗,1598037.7797235022,2.63205400921659,0,43.0982680904059,3.706025507380074
sh.688118,I65软件和信息技术服务业,2025,0.2785768095795669,5.519103924387024,普元信息,2514013.9131672597,4.334135231316726,0,-1968.6664125356124,3.3379254807692305
sz.000558,K70房地产业,2025,-0.4642252881353327,5.516801465728178,天府文旅,38113271.302639656,2.9760143187152566,0,-31.700183023341523,3.5555080835380832
sh.688171,I65软件和信息技术服务业,2025,-0.03200853435094177,5.5078895071973895,纬德信息,1308185.6541950114,3.670405328798186,0,109.25217441770715,2.659852550510783
sh.688627,C35专用设备制造业,2025,0.1058879654251101,5.497563721293792,精智达,1882358.9053030303,5.286762121212122,0,72.61566532258065,5.119160252371917
sz.300649,E48土木工程建筑业,2025,0.22854644427734105,5.4943223638296805,杭州园林,3657951.3063228973,4.028494678330264,0,-141.88477838452087,4.977529456388206
sh.688698,C40仪器仪表制造业,2025,-0.31487579916617014,5.489785403551991,伟创电气,2835302.1004366814,3.8281102183406115,0,35.0530000979021,4.741772569055945
sh.688488,C27医药制造业,2025,-0.3037972326361285,5.489591973247512,艾迪药业,4436816.22310757,2.1460596015936253,0,41.80884478229665,5.731320796650718
sh.605298,C37铁路、船舶、航空航天和其他运输设备制造业,2025,0.3441752391613852,5.48675024454924,必得科技,2224517.4354110206,3.422482746160795,0,47.53313347739602,2.323867223327306
sz.300499,C38电气机械和器材制造业,2025,-0.27324938977595226,5.484712237876797,高澜股份,16253543.482504604,6.633464623081646,0,7.271538719287469,3.591931493857494
sz.301529,C36汽车制造业,2025,-0.17078935636961107,5.482791563334775,福赛科技,2426056.9161554193,8.800313496932516,0,35.895106022540986,2.814922274590164
sz.301336,C21家具制造业,2025,-0.7147322342654586,5.480370540332742,趣睡科技,1252536.2699468085,6.933124335106383,0,62.80927325565912,2.4997240958721703
sz.002857,C40仪器仪表制造业,2025,0.06379860280794047,5.475372453762853,三晖电气,2581441.023941068,2.4290410350338045,0,101.02353302027026,3.796246154176904
sz.300871,C27医药制造业,2025,0.37109366338853644,5.472281354235484,回盛生物,4009263.0414634147,4.309834959349593,0,28.36155527746135,2.889291554922701
sh.603040,C36汽车制造业,2025,-0.08952675779781964,5.471109678246508,新坐标,1853813.4941682015,1.731823678330264,0,19.25722116154791,2.9979038114250613
sz.301248,I65软件和信息技术服务业,2025,0.3354427208454205,5.469704437232352,杰创智能,6111619.518072289,9.188586265060241,0,-19.23571025452352,2.198221882991556
sh.603758,C36汽车制造业,2025,-0.46210544735461967,5.464904655513987,秦安股份,5395162.014814815,1.4728599216049383,0,23.907406298525796,1.533570648034398
sh.600246,K70房地产业,2025,0.5231776211992202,5.464586494104086,万通发展,31158713.1995089,1.5829567254299755,0,33.69823043488943,2.2804892714987717
sz.300809,C34通用设备制造业,2025,-0.3054736429346956,5.46269140705453,华辰装备,6076381.929537366,8.433762428571429,0,91.10603625498575,4.02688046937322
sz.002965,C36汽车制造业,2025,-0.31278219356004966,5.460940579649309,祥鑫科技,6178345.350314027,6.485142637822749,0,36.88534681703911,3.00446586452514
sz.301368,C34通用设备制造业,2025,-0.2676671399007516,5.460199829519155,丰立智能,7345603.995515695,15.56673303437967,0,330.2674131002994,6.435568001497006
sh.600353,C39计算机、通信和其他电子设备制造业,2025,-0.14696842347622135,5.454147226564836,旭光电子,17185083.789441377,2.503246227300803,0,66.8159313931204,3.4239245073710074
sh.688165,C34通用设备制造业,2025,-0.6323713189290687,5.446034069618987,埃夫特,7999977.253577107,2.279951907790143,0,-62.23572912649165,3.9254711917263325
sz.002365,C27医药制造业,2025,0.025556086547620906,5.444224652486561,永安药业,8959803.124002455,3.6676752523020255,0,168.4613972886978,1.6963989938574937
sh.603950,C36汽车制造业,2025,0.004608277670428082,5.44387060051574,长源东谷,3946462.952012384,2.5977653250773995,0,23.842425479473278,2.2331536072811775
sh.688388,C39计算机、通信和其他电子设备制造业,2025,0.028971667086043096,5.441624769666644,嘉元科技,6046278.695187165,3.2344849852941175,0,34.17993904682274,4.583635221404682
sh.688717,C38电气机械和器材制造业,2025,-0.3427110385921809,5.440923435990114,艾罗能源,3136863.7198067633,8.32632922705314,0,31.77412974879227,2.701226611111111
sh.688448,C34通用设备制造业,2025,-0.12813448115295117,5.440865389349431,磁谷科技,1582900.031724138,4.713412965517241,0,41.500101895027626,2.208332897790055
sz.300817,C34通用设备制造业,2025,-0.39926943110375146,5.440767216043412,双飞集团,4771011.74005891,7.139427540500736,0,42.33290044362565,3.136013858511422
sh.600967,C37铁路、船舶、航空航天和其他运输设备制造业,2025,-0.5762912760117734,5.4383058079353725,内蒙一机,22725806.620012276,1.4531956924493554,0,26.462977915847663,1.7094784355036856
sz.301230,M73研究和试验发展,2025,-0.3118780520498268,5.437990118673378,泓博医药,4484235.609129814,9.23421212553495,0,180.69381169714285,4.994446235714285
sz.300638,C39计算机、通信和其他电子设备制造业,2025,-0.11644713856610006,5.433356228592064,广和通,13549936.405156538,4.714902470406905,0,43.80828246990172,8.598500579238328
sh.603228,C39计算机、通信和其他电子设备制造业,2025,-0.35216963179536886,5.432245477765149,景旺电子,9391849.893186003,1.4190693763044813,0,25.830386417690416,3.680407192260442
sz.300308,C39计算机、通信和其他电子设备制造业,2025,0.09167878234804577,5.43085482413092,中际旭创,18857849.207489256,2.4800499643953344,0,45.13212667690418,5.500371984643734
sz.300211,C39计算机、通信和其他电子设备制造业,2025,-0.17043251707277293,5.427406317276359,*ST亿通,7817933.092751843,2.9981596567717994,1,148.68289522481572,5.252841414619165
sz.301013,C35专用设备制造业,2025,-0.10631270462578786,5.426234558364924,利和兴,11367964.744639376,8.647497368421053,0,-53.77883316,3.798774700487805
sh.688114,C35专用设备制造业,2025,-0.021595919063433826,5.424414405249808,华大智造,2485943.599726776,2.330051912568306,0,-28.71593863885089,3.774170950752394
sz.300258,C36汽车制造业,2025,-0.37394225250739,5.4238046078578925,精锻科技,9555611.550030693,2.060638683855126,0,31.65445326289926,2.057627807739558
sh.603809,C36汽车制造业,2025,-0.13108505767549705,5.4209362342869385,豪能股份,8699018.251688153,2.1838412295887046,0,23.91298778194103,2.437348678746929
sz.300340,C39计算机、通信和其他电子设备制造业,2025,-0.7825587882748842,5.418633689107134,科恒股份,11150868.167487685,6.012413999382716,0,6.048849608722359,9.645494434275184
sz.301382,I64互联网和相关服务,2025,-0.13307337932201704,5.418164979478575,蜂助手,10001743.657894736,11.634015263157895,0,48.54681355536028,4.687875530755712
sh.688787,I65软件和信息技术服务业,2025,-0.21573517764930483,5.417619065525594,海天瑞声,2147527.2950654584,6.571664350453172,0,225.00343599899193,5.9102580493951615
sz.002940,C27医药制造业,2025,-0.3016767481449894,5.417232764931005,昂利康,2873255.413835701,3.464923693020383,0,33.95781404115479,3.1922554238329237
sh.688536,I65软件和信息技术服务业,2025,-0.1238647084171881,5.413481966939539,思瑞浦,1373129.2586776859,2.1186338842975205,0,244.59221047477254,9.891942032258063
sh.688621,M73研究和试验发展,2025,-0.2200419451715811,5.413257844952055,阳光诺和,1615098.0254154447,2.7616704789833824,0,50.62572272453929,8.895522345295829
sz.300872,I65软件和信息技术服务业,2025,-0.10494918031686135,5.411459617494257,天阳科技,13003163.126829268,5.928641056910569,0,144.81432807729863,3.1608458128559804
sh.688197,C27医药制造业,2025,-0.3209914636136947,5.409793428407918,首药控股,1122821.1863207547,2.3764400943396224,0,-30.864126766233767,549.5179090920898
sh.688392,C35专用设备制造业,2025,0.057070547242262445,5.405926594325754,骄成超声,1299245.789181692,3.2289725381414702,0,140.78585110833333,5.088794897222223
sh.601606,C33金属制品业,2025,-0.6037791930699715,5.393860595946812,长城军工,20520329.27931246,4.919341871086556,0,58.647296117321865,4.122369490786241
sh.603630,C26化学原料和化学制品制造业,2025,-0.607329793954383,5.3933251775170366,拉芳家化,4675431.304481277,2.4600477243707797,0,67.23082945761671,1.9087709275184275
sh.688379,C33金属制品业,2025,-0.28458497588668685,5.389300098784302,华光新材,1341561.8288726683,2.56424501216545,0,34.50831046022727,2.145867453733766
sz.301251,C39计算机、通信和其他电子设备制造业,2025,-0.19684097691784908,5.38577237485293,威尔高,6346757.024390244,14.756765243902437,0,66.57876153156823,3.758582582484725
sz.301191,C39计算机、通信和其他电子设备制造业,2025,-0.2882108327470691,5.384209299138455,菲菱科思,2298130.4014869886,10.037187484510532,0,39.21609025806452,3.7581280794044662
sh.688215,C35专用设备制造业,2025,0.2236666317691992,5.383520178222053,瑞晟智能,485636.7137030995,2.15962088091354,0,123.72389738693879,3.780490815510204
sz.300839,C25石油、煤炭及其他燃料加工业,2025,0.7637578104980943,5.383129442442739,博汇股份,3948191.5617088606,4.202367642405063,0,28.964707927444795,3.637303454258675
sh.688280,C36汽车制造业,2025,0.20029022225769985,5.382813028878569,精进电动,8036858.94720169,3.27399303062302,0,-12.399020482029599,7.313196675475687
sh.600397,F51批发业,2025,-0.5848723856026392,5.380257472147383,安源煤业,30024952.884591773,3.0348112917690417,1,-14.854913133906633,5.7091409760442255
sz.300157,C34通用设备制造业,2025,-0.18453342667541428,5.378559643186392,新锦动力,27382591.14917127,3.9380327295636137,0,-6.471747154791155,-0.7664745282555282
sh.688168,I65软件和信息技术服务业,2025,0.17931104917831753,5.373606921602369,安博通,1195133.8112175104,3.139023529411765,0,1734.1588898932237,3.672313715263518
sz.002052,C39计算机、通信和其他电子设备制造业,2025,0.7501999696544597,5.373446388559486,同洲电子,14695307.47710396,1.9896339225526642,1,-17.514238907248156,-56.133751287469295
sz.300798,C26化学原料和化学制品制造业,2025,-0.2267025324896947,5.370702159023944,锦鸡股份,10149064.245576788,5.741568506723284,0,70.6500782216714,3.143293819405099
sz.300170,I65软件和信息技术服务业,2025,-0.1201086117625289,5.368712902711679,汉得信息,37699252.78084715,4.365889849600983,0,57.769788420147414,2.5486984152334156
sz.300853,C34通用设备制造业,2025,-0.10180361729278906,5.366207451803193,申昊科技,4170966.6714628297,5.044786250999201,0,-47.9271226296,4.1284728472
sz.300803,J69其他金融业,2025,-0.34134052754770683,5.3625676593241725,指南针,13331563.29781228,5.692598729710657,0,761.3666733898306,14.802744800847456
sz.301002,C39计算机、通信和其他电子设备制造业,2025,0.15498130954209094,5.361607599758514,崧盛股份,1922235.5379442843,3.860452833813641,0,38.45559185961539,4.501369159615385
sz.300651,C24文教、工美、体育和娱乐用品制造业,2025,0.135766055241298,5.36102376167879,金陵体育,2864875.1454880293,4.034269335788827,0,102.66866727518426,4.984970777641277
sz.300403,C38电气机械和器材制造业,2025,-0.6181595392226642,5.355402824024216,汉宇集团,21687127.16451811,5.377554793124617,0,21.950793158476657,2.7278909735872237
sh.688025,C39计算机、通信和其他电子设备制造业,2025,0.054877898922301244,5.35520701216444,杰普特,2122204.932820154,3.8649485654303706,0,64.06224728501401,3.1984297955182077
sz.301600,C39计算机、通信和其他电子设备制造业,2025,-0.30629939337981404,5.348615856383789,慧翰股份,2816012.5772357723,14.693084959349594,0,58.40793460162602,8.424762390243902
sz.000710,M74专业技术服务业,2025,-0.23126289468743788,5.3486104274148225,贝瑞基因,10391195.004297115,3.742061252915899,0,18.100368062039312,3.850217993243243
sz.301398,C33金属制品业,2025,-0.15183864585692108,5.348223128205456,星源卓镁,3324335.917787743,14.922076233183857,0,54.16766065119761,4.177870467065868
sh.688353,C26化学原料和化学制品制造业,2025,-0.16252143610191347,5.348023591965987,华盛锂电,1699198.988372093,3.3793543927648577,0,-1.473535875808538,1.9501497529107372
sh.688272,C39计算机、通信和其他电子设备制造业,2025,-0.061837537582541346,5.347636820745775,富吉瑞,1039762.0209863589,3.5237239244491083,1,6.845245412381952,4.139262450157398
sh.688260,C39计算机、通信和其他电子设备制造业,2025,0.07571417334181833,5.345080923825372,昀冢科技,3091356.1709796675,4.681416543438077,0,51.503540821461606,6.212151139685477
sh.603090,C34通用设备制造业,2025,-0.2988913192489172,5.34345424516102,宏盛股份,1958275.7704112954,2.1807214524248004,0,106.83160503685504,3.7622257407862407
sz.301616,C34通用设备制造业,2025,1.1829692007493458,5.3411934687210625,浙江华业,3841725.277310924,19.20862605042017,0,38.825022705882354,3.069526932773109
sz.300773,I65软件和信息技术服务业,2025,-0.12278382204674124,5.336325115992077,拉卡拉,19722246.21106821,4.918324815315315,0,26.56406246297489,4.495760641983258
sz.002536,C36汽车制造业,2025,0.016420254483352187,5.33559447399796,飞龙股份,21073661.95334561,4.352676944751381,0,39.055915164004915,1.8620528912776413
sz.002289,C39计算机、通信和其他电子设备制造业,2025,1.4380745199911826,5.334025475243934,*ST宇顺,4624650.184842884,1.770589003726708,1,317.58336853132676,8.200350022727273
sh.688356,C26化学原料和化学制品制造业,2025,0.23664798706161125,5.333323152736611,键凯科技,722139.7736156352,2.39344486970684,0,78.32601630480848,8.316295079054605
sz.002017,C39计算机、通信和其他电子设备制造业,2025,0.18194081979691346,5.330213392088633,东信和平,19980682.233271945,4.123848708564387,0,102.81778888636363,4.134383369778869
sz.002640,F52零售业,2025,-1.0885438774024037,5.329890092704494,跨境通,87942272.11609337,6.455442336816227,1,-67.71111629422604,3.3669740331695333
sh.605188,F52零售业,2025,-1.122487982275379,5.325328910502886,国光连锁,8131003.650920737,6.789815292233787,0,47.68548403125,4.036568137820513
sz.002846,C33金属制品业,2025,-0.24387327221787952,5.321033966083989,英联股份,9537303.238796808,5.410421248618785,0,34.021323605651105,3.793423075552826
sz.300593,C38电气机械和器材制造业,2025,-0.24194636147360404,5.3207699304088285,新雷能,8320451.420503376,3.755347817065685,0,32.293927565724815,6.38712791031941
sh.688685,C37铁路、船舶、航空航天和其他运输设备制造业,2025,0.028959081562337088,5.310667217760403,迈信林,2539526.5510396976,4.546029489603025,0,103.04045030936612,5.649455732261116
sz.301150,C39计算机、通信和其他电子设备制造业,2025,-0.2886582690132606,5.308989817934416,中一科技,3128848.066344994,4.612534016887817,0,-35.96559769323672,1.8519714915458938
sz.300287,I65软件和信息技术服务业,2025,-0.023319933702186102,5.306485858116254,飞利信,75677757.3480663,6.181205302639656,0,10.277264054668306,3.031536175061425
sz.300093,C38电气机械和器材制造业,2025,-0.4603484723527109,5.3054968876454085,*ST金刚,9963628.526412776,4.711535647420147,1,2.49036892014742,-14.152512457002457
sz.300260,C34通用设备制造业,2025,-0.24915180715346807,5.303895223994035,新莱应材,8889734.080417434,4.435613037446286,0,53.448354874692875,6.245978185503685
sz.301609,C38电气机械和器材制造业,2025,4.7786899792104025,5.303804475929109,山大电力,5612526.2,16.151035,0,62.08502195,12.634236225
sz.301345,C37铁路、船舶、航空航天和其他运输设备制造业,2025,0.1460745507934233,5.302316485794919,涛涛车业,1366816.140032949,4.969025041186161,0,22.698042536303632,2.6214204620462045
sh.688286,C39计算机、通信和其他电子设备制造业,2025,-0.0009305979971337142,5.300415803595785,敏芯股份,1132835.5241935484,3.2950392741935484,0,33.15684702502018,4.466009165456013
sz.002915,C26化学原料和化学制品制造业,2025,-0.42653230721860724,5.297719196894861,中欣氟材,9716948.611418048,6.356097988329238,0,13.445526415847667,3.9041763943488945
sz.002837,C35专用设备制造业,2025,-0.049128339956089714,5.297059230304243,英维克,12535216.529158993,3.5747917213014118,0,52.54749770393121,6.74269307002457
sh.688221,C27医药制造业,2025,-0.10422536270246154,5.296931607766528,前沿生物,5951425.502102607,3.0841272497897396,0,-19.19593621801347,3.9890272769360267
sz.300697,C32有色金属冶炼和压延加工业,2025,0.060566620406310945,5.292269021401302,电工合金,7468415.825230769,5.258918037538462,0,32.61223427948403,3.941413152948403
sz.002629,B11开采专业及辅助性活动,2025,-0.20994101560417971,5.2920915942415085,仁智股份,17182467.347051598,4.973306,1,-101.0158935970516,88.14198599508599
sz.300245,I65软件和信息技术服务业,2025,-0.0857965914622857,5.29118717546249,天玑科技,13998873.798649479,4.559255325352978,0,5.25308341093366,2.2453680988943487
sz.300485,C27医药制造业,2025,-0.3416291991084194,5.282717555568459,赛升药业,10174486.740945365,3.8840510405156534,0,24.44163357063882,1.8628758046683047
sh.600590,C38电气机械和器材制造业,2025,0.4197836896544824,5.2718780404412815,泰豪科技,18028132.63557752,2.1393892285361336,0,-104.72694324877149,1.4603746474201476
sh.603316,E48土木工程建筑业,2025,0.8654787970023377,5.269661190647108,诚邦股份,7190984.441988951,3.1399955653775327,0,35.257674894348895,1.973770452088452
sh.603683,C26化学原料和化学制品制造业,2025,-0.34090710642722977,5.264212469341421,晶华新材,5008397.333947207,3.3393218342541435,0,166.98077864250615,2.2419423642506144
sh.603686,N78公共设施管理业,2025,-0.3880681053192637,5.2598895997433885,福龙马,12935097.05709024,3.224504047882136,0,20.38932682985258,1.832460713144963
sz.001267,E48土木工程建筑业,2025,0.11201476123066209,5.256921741939014,汇绿生态,18606860.788793102,5.107351616379311,0,79.29253691621912,3.644674155746509
sh.688603,C39计算机、通信和其他电子设备制造业,2025,0.435113079747644,5.254103577099447,天承科技,1233226.6198501873,5.752024344569288,0,75.4108111651032,5.84494299249531
sz.301008,C38电气机械和器材制造业,2025,-0.2084611038825432,5.2500304683259875,宏昌科技,1957874.31147541,4.355790163934426,0,34.95077755888031,2.565294834942085
sh.688291,I65软件和信息技术服务业,2025,0.3209213584782936,5.249628830366057,金橙子,1769934.8994252873,6.064512787356321,0,67.19455163920455,3.985035774147727
sz.301165,C39计算机、通信和其他电子设备制造业,2025,-0.037909672716760934,5.247488119606416,锐捷网络,6546897.986899563,9.53584730713246,0,60.47271296501457,7.6569717638483965
sh.600126,C31黑色金属冶炼和压延加工业,2025,-0.3679377695548455,5.243418373807427,杭钢股份,44063611.937384896,1.3280084395807645,0,53.301233356265364,0.9674315730958231
sz.300619,C35专用设备制造业,2025,-0.4545171294237384,5.24299305622729,金银河,3004794.8410067526,4.193045338244322,0,132.94526751044228,4.890940454545455
sz.300465,I65软件和信息技术服务业,2025,-0.37352839114241554,5.240607415174464,高伟达,24229082.440761205,5.462819628606507,0,63.887788017199014,6.534388671375922
sz.300748,C30非金属矿物制品业,2025,-0.21090199852547373,5.240363431102302,金力永磁,20996493.541436464,6.233219192756293,0,72.74935193181818,8.147154753071254
sz.301141,C39计算机、通信和其他电子设备制造业,2025,-1.0031639019301561,5.239387267439835,中科磁业,5428317.036789298,17.27039983277592,0,148.7887002596315,4.046785978224455
sz.301307,C33金属制品业,2025,-0.04246230038333454,5.236316387739157,美利信,6445988.15239726,8.612639554794521,0,-74.88825113207547,2.043911329331046
sz.300980,C29橡胶和塑料制品业,2025,0.13732034728221618,5.234584997357995,祥源新材,2472009.0280112047,4.463443230625584,0,54.37683410093458,3.0981193224299064
sz.301183,C39计算机、通信和其他电子设备制造业,2025,-0.19225521258428074,5.232947431992364,东田微,5268537.894932015,13.72786477132262,0,-1381.8678485111386,4.426240301980198
sz.300536,E48土木工程建筑业,2025,-0.10661393846244009,5.228168468721565,农尚环境,6514012.610940381,3.4054045027658266,1,-277.1453668329238,6.0924460343980344
sz.300727,C26化学原料和化学制品制造业,2025,-0.42302900689374323,5.226408518112051,润禾材料,4239890.640270105,5.013470674033149,0,44.30913368181818,4.6565003992628995
sz.002816,C34通用设备制造业,2025,0.5052336498152166,5.226026538686256,*ST和科,2011495.8309685378,2.1580647888819486,1,0.6763322340294837,4.7656554797297295
sz.300454,I65软件和信息技术服务业,2025,-0.07057936524106329,5.21878926788645,深信服,3341148.3775322284,1.4243630208717004,0,76.51302220638821,10.297487439803438
sz.002131,L72商务服务业,2025,-0.09437700117426212,5.217172784905963,利欧股份,235487519.18600368,4.174001366482505,0,19.74951411793612,1.586277587837838
sz.002418,C34通用设备制造业,2025,0.4758730795137316,5.21567553628056,康盛股份,40474515.73050951,3.6693649840196683,1,990.0571149158476,2.6721102143734647
sz.300990,C34通用设备制造业,2025,-0.3360561370054414,5.213361669710444,同飞股份,2479817.5165250236,7.118572143531634,0,50.68028945274102,4.546970332703214
sh.688266,C27医药制造业,2025,-0.03972511694701905,5.213358909782394,泽璟制药,2285625.5445255474,1.857100510948905,0,-62.65587287509131,22.644215175310446
sz.300765,C14食品制造业,2025,-0.500963598269484,5.212017084798619,新诺威,7644883.275047862,3.1100957238278744,0,-32.71009072969543,5.7709941947969545
sz.002261,I65软件和信息技术服务业,2025,0.16873101572329208,5.208278327113496,拓维信息,75706686.06813997,7.147578394720687,0,-97.85420165847665,5.441727864250614
sz.300511,A01农业,2025,0.2410629317527984,5.207995664327622,雪榕生物,16661570.35406404,4.665498955049261,0,2.516588290540541,2.0326752991400494
sh.603667,C34通用设备制造业,2025,-0.5731762706970256,5.20742298768791,五洲新春,11375857.139349295,3.5624791264579496,0,46.80645131818182,2.252746931818182
sh.603171,I64互联网和相关服务,2025,-0.35004713183707026,5.206585989320583,税友股份,3616753.64097561,3.628170634146341,0,97.77762328808593,5.850200169921875
sz.301306,M74专业技术服务业,2025,-0.46844391504996136,5.203500157821821,西测测试,3251719.209150327,9.233850588235294,0,203.29280713219893,3.594506867801047
sh.688059,C33金属制品业,2025,0.06657093087918814,5.2035001077827765,华锐精密,874804.6598030438,2.767340286481647,0,36.775907640681,5.565750857526881
sz.000892,R87广播、电视、电影和录音制作业,2025,0.31056181767437724,5.202849205641483,欢瑞世纪,28284751.206261512,4.511357684468999,0,6.7959228046683045,2.1838852831695332
sh.688799,C27医药制造业,2025,-0.5446865233821203,5.202048753334431,华纳药厂,1625625.4960629921,2.954084744094488,0,22.134249685714284,2.567512214778325
sz.300147,C27医药制造业,2025,-0.307338593109927,5.201357973874296,ST香雪,25412242.57923833,3.873717633906634,1,26.519771259828012,1.9739938015970515
sz.301022,C35专用设备制造业,2025,0.024200181290220113,5.199802314692467,海泰科,2356697.786901271,6.752930107526882,0,-27.547527061643837,2.6429620048923677
sz.301325,C35专用设备制造业,2025,-0.5242643102774229,5.199039407770564,曼恩斯特,3892507.2565445025,8.363168760907504,0,-33.229200218531474,4.928899489510489
sz.300814,C39计算机、通信和其他电子设备制造业,2025,-0.39141680213989966,5.196425335678422,中富电路,6254404.424547284,9.757006539235412,0,103.83452604531722,4.2404315689828795
sz.002987,I65软件和信息技术服务业,2025,-0.041421468086081235,5.193022491526003,京北方,14016176.935632184,5.665765670498084,0,32.6474377898773,4.562169445552148
sh.688443,C27医药制造业,2025,-0.002498375950848189,5.191691391810519,智翔金泰,3287399.9706959706,3.30717673992674,0,-15.224751025688075,-7.922037174311926
sz.002126,C36汽车制造业,2025,0.18553691612063666,5.191037914306731,银轮股份,19250380.17495396,2.5232686212400246,0,29.07737553071253,2.427113590909091
sz.300892,F52零售业,2025,-0.70792728227523,5.189397422512551,品渥食品,3304778.925434963,8.268269594034797,0,-13.558020893034826,3.1471778897180767
sh.688131,M73研究和试验发展,2025,-0.08753760472821248,5.187738237545825,皓元医药,2099818.6605769233,2.6637612500000003,0,65.12496024061598,7.242537065447546
sz.301629,C35专用设备制造业,2025,1.8038447367208297,5.187418046023655,矽电股份,1759815.8032786886,16.86970163934426,0,78.72341500819672,6.450413090163934
sz.300313,A03畜牧业,2025,-0.4396863676942821,5.1840115396439215,*ST天山,8651958.001847291,4.710187559900683,1,-0.9045238851351352,11.597588711916462
sh.688017,C34通用设备制造业,2025,-0.38696537510970863,5.1794953965219195,绿的谐波,3030480.6680261013,3.0777336052202284,0,195.1194125134694,9.977297889795919
sz.301120,C38电气机械和器材制造业,2025,0.04784858232946858,5.178003633672283,新特电气,10632464.957882069,10.018140673886883,0,60.24910292289157,3.146900093975904
sz.002558,I64互联网和相关服务,2025,-0.11503100762056892,5.177013953706043,巨人网络,27182197.40331492,1.4799231221608349,0,29.260623557739557,2.9058074109336607
sz.001309,C39计算机、通信和其他电子设备制造业,2025,-0.10116894550545592,5.173039951805748,德明利,4471165.939897698,8.540801918158568,0,230.79943355953907,8.252381974391806
sz.001306,C34通用设备制造业,2025,-0.43618524227714606,5.1682228631854485,夏厦精密,2273061.81655481,14.762419015659955,0,64.25798431838565,4.410930674887893
sz.002298,C38电气机械和器材制造业,2025,0.07230070502590111,5.167040117269108,中电鑫龙,26027704.573357888,4.234714769797422,0,13.739151022727274,1.2559992678132679
sh.603308,C34通用设备制造业,2025,-0.10513158627363346,5.166588965189144,应流股份,8629503.944751382,1.4711304370779619,0,53.45730075614251,2.747135792383292
sz.300687,I65软件和信息技术服务业,2025,-0.04500154748178789,5.163917757708043,赛意信息,8814364.007980356,3.931605241252302,0,45.096099960073715,4.872490574324324
sz.300521,C35专用设备制造业,2025,0.03448718893976492,5.159495538230489,爱司凯,3470488.484510533,2.486896718204489,0,-23.27127621867322,4.303188125921376
sh.688319,C27医药制造业,2025,-0.04390226986966243,5.157259197762629,欧林生物,3164892.3028846155,1.9616567307692307,0,95.29535599807508,9.794825801732435
sz.002645,C42废弃资源综合利用业,2025,-0.15543679204012592,5.155679086573117,华宏科技,12445983.940454267,2.7094840061804697,0,-98.59725299201473,2.196818292997543
sh.603300,L71租赁业,2025,0.09934178291610521,5.153142815074566,海南华铁,38154467.65457898,2.5275848580208975,0,30.77791682800983,2.4929755055282556
sz.002342,C33金属制品业,2025,-0.47991181428216956,5.153095262006025,巨力索具,32101868.269490484,3.5450388396051817,0,135.178547772113,1.562476708845209
sz.300700,C30非金属矿物制品业,2025,-0.09623914847208628,5.152426655799177,岱勒新材,6365372.066298342,5.535073171270717,0,-22.24431279176904,3.8182022346437345
sh.603130,C17纺织业,2025,-0.3109000048225786,5.148927657516319,云中马,3180323.367732558,7.490271075581395,0,34.209378337700144,3.085870786026201
sz.002734,C26化学原料和化学制品制造业,2025,-0.6115207157008073,5.148721411800178,利民股份,8739330.751381215,2.6856892596685085,0,-0.7379957100737101,1.7432581044226045
sh.603083,C39计算机、通信和其他电子设备制造业,2025,0.4661563073352366,5.148135002215147,剑桥科技,16184877.337630449,7.446586163290362,0,58.949665964987716,3.8579157991400495
sh.688117,C27医药制造业,2025,-0.26452178786522923,5.146915158829728,圣诺生物,2886681.6040268457,4.492912464046021,0,45.374155906909785,3.8212969001919386
sh.600105,C38电气机械和器材制造业,2025,-0.18543455823249883,5.143942965201787,永鼎股份,55622913.32412523,4.035471497851443,0,88.54406699201473,2.3669276136363635
sh.603127,M73研究和试验发展,2025,-0.5268873137092656,5.142613782773245,昭衍新药,7829101.007980356,2.07949133456108,0,-879.213538181204,9.174688851965602
sz.300662,L72商务服务业,2025,-0.1993048960371322,5.138348931934615,科锐国际,2781560.14732965,1.667982287906691,0,37.97806416707616,5.71843584090909
sh.688299,C29橡胶和塑料制品业,2025,0.14544458962971385,5.137903395898869,长阳科技,6086890.750175439,3.471787438596491,0,33.45565936587079,3.3733631917134828
sh.603955,E48土木工程建筑业,2025,-0.16087685827276527,5.13396145033111,大千生态,3094537.4762784964,2.4217638268638324,0,267.2925513931204,1.4655132493857495
sz.002094,C26化学原料和化学制品制造业,2025,-0.3636394072424262,5.133034290555319,青岛金王,32364409.38428484,4.73409068815224,0,-50.982494042383294,1.5125211590909091
sh.600530,C14食品制造业,2025,-0.1860067503151403,5.131201932483864,交大昂立,12450849.99810606,1.6042928734977862,1,200.2479393703931,5.342939210687961
sz.300683,C27医药制造业,2025,-0.2722471940175933,5.12908881725123,海特生物,1963265.179864948,2.3589439263351752,0,115.2821194815725,2.074016296683047
sz.003040,C39计算机、通信和其他电子设备制造业,2025,-0.7641519936454435,5.124472963493245,楚天龙,17282807.886446886,8.248376098901097,0,27.284181405132905,6.269878995417049
sz.002366,C35专用设备制造业,2025,-0.30049461725899673,5.123492423599572,融发核电,43249062.301353015,5.191777340713407,1,-61.221682012285015,-7.8460004361179365
sh.605378,C38电气机械和器材制造业,2025,-1.3141788565001102,5.121893962609601,野马电池,4216681.906307978,6.8108486085343225,0,34.731681883936865,3.369627801299907
sz.301125,C34通用设备制造业,2025,0.25002250993793196,5.118841345316543,腾亚精工,3844256.5206508134,8.818132290362954,0,7.380866418546366,3.2300112506265664
sz.300233,C27医药制造业,2025,-0.2126176352459841,5.118370668298345,金城医药,8995884.124616329,2.4545636789441376,0,4.98468430036855,2.2705485577395574
sz.301335,C41其他制造业,2025,-0.5311428318085314,5.118169823073578,天元宠物,2662770.5781710916,5.901887463126844,0,38.080231470160115,1.8893982270742358
sh.688513,C27医药制造业,2025,-0.21828712779587744,5.118162365527285,苑东生物,1137376.1013900244,1.5563042518397385,0,29.336738307692308,2.7896484116202944
sh.688270,C39计算机、通信和其他电子设备制造业,2025,0.14983591433686294,5.1157348944979795,臻镭科技,3722893.9195011337,3.872856009070295,0,132.6017768490352,5.0647761838819525
sh.603918,I65软件和信息技术服务业,2025,-0.11592758631473533,5.115240804645257,金桥信息,17916853.08655617,5.157514848987109,0,29.25554495823096,4.504498297297298
sh.688225,I65软件和信息技术服务业,2025,-0.1573258315673497,5.11389406396488,亚信安全,2573786.8781321184,2.7033070615034167,0,7206.081307354618,3.7187744207525655
sz.002851,C38电气机械和器材制造业,2025,-0.1400973490837628,5.112208241012329,麦格米特,9080872.372007366,2.318110931246163,0,37.672779956388204,4.918528012285012
sh.600735,C41其他制造业,2025,-0.7815962449174826,5.111634813648235,新华锦,12796009.872314304,3.2272542946593,0,37.351063331695336,2.177342735872236
sh.688679,N77生态保护和环境治理业,2025,0.3994975333388933,5.111438310039945,通源环境,1400686.41673932,2.240174280732345,0,47.31436096771379,1.5093601788830717
sh.603822,C25石油、煤炭及其他燃料加工业,2025,-0.17596673676986613,5.103696295945949,嘉澳环保,1435606.7354205034,1.9919071301411908,0,10.612145011670762,3.175749428746929
sz.300042,C39计算机、通信和其他电子设备制造业,2025,-0.16936348101033338,5.101495938030492,朗科科技,9180400.273787599,5.164984918968692,0,-2.641966864864865,3.541752318181818
sz.300789,I65软件和信息技术服务业,2025,-0.31189431034247245,5.097684455669677,唐源电气,1623090.3798502383,3.778265350578625,0,30.787894995912804,3.153577771117166
sh.688545,C39计算机、通信和其他电子设备制造业,2025,1.6708717640894368,5.0930076094158,兴福电子,6270876.566037736,8.996964150943397,0,61.78104849685535,4.4504910188679245
sz.003021,C38电气机械和器材制造业,2025,-0.7096217992104428,5.0919245312766135,兆威机电,4303294.455249569,4.704285800344234,0,73.01311972351421,4.850456105943152
sh.688020,C39计算机、通信和其他电子设备制造业,2025,0.10071301770792493,5.086512043689892,方邦股份,1258273.4090909092,2.9564586216577537,0,33.13288525886287,3.853072910367893
sz.002165,C26化学原料和化学制品制造业,2025,-1.2302299845581888,5.086416636783974,红宝丽,32450226.749539595,4.6920911368938,0,-1.5373766597051597,1.8634954963144963
sz.301182,C39计算机、通信和其他电子设备制造业,2025,-0.18647800270967452,5.086136691434863,凯旺科技,3240750.733995585,8.791187306843268,0,0.06962312486187852,3.1108194022099447
sh.688722,C28化学纤维制造业,2025,0.19466369627651267,5.085580708362471,同益中,3904034.912906611,3.8846258132214064,0,31.35074998739496,3.081188293067227
sh.688709,C39计算机、通信和其他电子设备制造业,2025,0.060971245165413135,5.08481985704003,成都华微,8306037.272493573,8.269997172236504,0,122.47405192030847,7.0018266838046275
sh.688066,I65软件和信息技术服务业,2025,-0.04382501618831003,5.082223258706823,航天宏图,5281907.861631016,4.155791995320856,0,50.356212109699,6.074950862876254
sz.300322,C39计算机、通信和其他电子设备制造业,2025,-0.40990505728419513,5.08192438188502,硕贝德,24011327.147943523,5.7019928453038675,0,25.86000183968059,6.450437794226044
sh.688199,C26化学原料和化学制品制造业,2025,0.09711160681757199,5.074678722890055,久日新材,2021806.4453015428,2.4445311360448807,0,0.4024711859649123,1.924687965614035
sz.300620,C39计算机、通信和其他电子设备制造业,2025,0.2251415359858175,5.072718331783763,光库科技,5997548.187770229,3.821363183446572,0,96.31110996621622,5.620690073710073
sz.002290,C38电气机械和器材制造业,2025,0.25950987150971777,5.06808838557064,禾盛新材,3843127.5862492328,1.6806569883148832,1,27.969442686117937,3.80673535012285
